folder,file_name,affect_rating_segment,segment_start_sec,segment_end_sec,duration_sec,duration_msec,happiness_full_video,surprise_full_video
1,infantcog03_7,3,3.264,4.93,1.666,1666,2,0
1,infantcog03_7,5,11.694,12,0.30599999999999916,305.99999999999915,2,0
1,infantcog05_5,3,3.46,5.775,2.3150000000000004,2315.0000000000005,2,0
1,infantcog05_5,3,9.24,12,2.76,2760,2,0
1,infantcog17_8,3,2,10.461,8.461,8461,2,1
1,infantcog17_9,2,2.805,5.082,2.2769999999999997,2276.9999999999995,2,1
1,infantcog17_9,3,6.039,9.57,3.5310000000000006,3531.0000000000005,2,1
1,infantcog17_9,2,10.989,11.913,0.9239999999999995,923.9999999999995,2,1
1,infantcog19_1,6,4.785,11.55,6.765000000000001,6765.000000000001,1,0
1,infantcog19_8,5,3.498,4.917,1.4189999999999996,1418.9999999999995,1,0
1,infantcog19_8,6,5.643,8.646,3.003000000000001,3003.000000000001,1,0
1,infantcog29_1,3,11.418,12,0.5820000000000007,582.0000000000007,2,0
1,infantcog29_2,4,2,12,10,10000,0,0
1,infantcog30_2,4,2,12,10,10000,0,0
1,infantcog36_2,4,2,12,10,10000,0,0
1,infantcog37_3,4,2,12,10,10000,0,0
1,infantcog45_1,5,11.121,12,0.8789999999999996,878.9999999999995,1,0
1,infantcog45_12,4,2,12,10,10000,0,0
1,infantcog45_14,4,2,12,10,10000,0,0
1,infantcog45_3,6,10.461,12,1.5389999999999997,1538.9999999999998,2,0
1,infantcog51_2,3,2,4.224,2.224,2224,2,0
1,infantcog51_5,5,6.138,6.396,0.258,258,1,1
1,infantcog55_4,4,2,12,10,10000,0,0
1,infantcog55_7,3,9.603,10.693,1.0899999999999999,1089.9999999999998,2,0
1,infantcog58_2,4,2,12,10,10000,0,0
1,infantcog58_9,4,2,12,10,10000,0,0
1,infantcog18_4,4,2,12,10,10000,0,0
1,infantcog18_5,4,2,12,10,10000,0,0
1,infantcog24_14,2,3.267,8.745,5.478,5478,2,0
1,infantcog56_7,4,2,12,10,10000,0,0
1,infantcog57_3,4,2,12,10,10000,0,0
1,infantcog57_4,4,2,12,10,10000,0,0
1,princetonbabylab01_4,4,2,12,10,10000,0,0
1,princetonbabylab01_6,4,2,12,10,10000,0,0
1,princetonbabylab04_1,3,4.158,5.016,0.8579999999999997,857.9999999999997,2,0
1,princetonbabylab04_1,3,9.504,10.197,0.6929999999999996,692.9999999999997,2,0
1,princetonbabylab04_9,3,7.425,8.697,1.2719999999999994,1271.9999999999993,2,0
1,princetonbabylab04_9,5,11.583,12,0.4169999999999998,416.99999999999983,2,0
1,princetonbabylab06_8,3,4.62,6.171,1.5510000000000002,1551.0000000000002,2,0
1,princetonbabylab06_8,3,9.702,10.062,0.35999999999999943,359.99999999999943,2,0
1,princetonbabylab08_8,4,2,12,10,10000,0,1
1,princetonbabylab08_9,4,2,12,10,10000,0,1
1,princetonbabylab09_8,2,10.263,11.022,0.7590000000000003,759.0000000000003,2,0
1,princetonbabylab09_12,2,2,2.805,0.8050000000000002,805.0000000000001,2,0
1,princetonbabylab09_12,2,5.544,7.722,2.178000000000001,2178.000000000001,2,0
1,princetonbabylab09_12,2,9.141,9.57,0.42900000000000027,429.0000000000003,2,0
1,princetonbabylab09_12,2,10.263,10.857,0.5939999999999994,593.9999999999994,2,0
1,princetonbabylab10_1,3,2.541,8.184,5.642999999999999,5642.999999999999,2,1
1,princetonbabylab11_8,3,5.511,8.349,2.838,2838,2,1
1,princetonbabylab12_4,5,11.385,12,0.6150000000000002,615.0000000000002,1,1
1,princetonbabylab12_5,5,11.22,12,0.7799999999999994,779.9999999999993,1,0
1,princetonbabylab12_7,5,10.956,12,1.0440000000000005,1044.0000000000005,1,0
1,princetonbabylab13_1,3,3.003,8.448,5.445,5445,2,0
1,princetonbabylab13_13,4,2,12,10,10000,0,0
1,princetonbabylab16_9,3,2,12,10,10000,2,0
1,princetonbabylab18_3,3,5.907,6.468,0.5609999999999999,561,2,0
1,umn_cbplab_403_2,4,2,12,10,10000,0,0
1,umn_cbplab_404_5,4,2,12,10,10000,0,0
1,umn_cbplab_404_9,4,2,12,10,10000,0,0
1,umn_cbplab_405_7,4,2,12,10,10000,0,0
1,umn_cbplab_409_6,4,2,12,10,10000,0,0
1,umn_cbplab_411_10,3,10.89,12,1.1099999999999994,1109.9999999999995,2,0
1,umn_cbplab_411_9,4,2,12,10,10000,0,0
1,umn_cbplab_416_3,4,2,12,10,10000,0,0
1,umn_cbplab_417_1,6,10.659,12,1.3409999999999993,1340.9999999999993,1,0
1,umn_cbplab_417_6,4,2,12,10,10000,0,0
1,umn_cbplab_419_6,3,6.115,7,0.8849999999999998,884.9999999999998,2,0
1,umn_cbplab_420_3,4,2,12,10,10000,0,0
1,umn_cbplab_421_5,4,2,12,10,10000,0,0
1,umn_cbplab_423_1,5,5.577,7.326,1.7489999999999997,1748.9999999999998,1,0
1,umn_cbplab_423_9,4,2,12,10,10000,0,0
1,umn_cbplab_427_7,4,2,12,10,10000,0,0
1,umn_cbplab_432_3,4,2,12,10,10000,0,0
1,umn_cbplab_432_6,4,2,12,10,10000,0,0
1,umn_cbplab_434_8,5,10.263,12,1.737,1737,1,0
1,umn_cbplab_435_3,4,2,12,10,10000,0,1
1,umn_cbplab_440_1,5,4.752,5.111,0.359,359,1,0
1,umn_cbplab_440_1,6,6.322,9.735,3.4129999999999994,3412.9999999999995,1,0
1,umn_cbplab_440_13,5,2,12,10,10000,1,0
2,infantcog01_3,3,2.278,3.196,0.9180000000000001,918.0000000000001,2,1
2,infantcog01_3,3,7.038,7.276,0.23799999999999955,237.99999999999955,2,1
2,infantcog01_3,5,3.672,3.808,0.13599999999999968,135.9999999999997,2,1
2,infantcog03_6,3,7.276,10.574,3.298,3298,2,0
2,infantcog03_6,3,11.152,12,0.8480000000000008,848.0000000000008,2,0
2,infantcog03_12,3,4.012,12,7.988,7988,2,0
2,infantcog03_13,2,8.58,12,3.42,3420,2,0
2,infantcog06_10,4,2,12,10,10000,0,0
2,infantcog17_10,3,2,12,10,10000,2,0
2,infantcog19_4,7,2,10,8,8000,1,0
2,infantcog29_6,4,2,12,10,10000,0,1
2,infantcog30_3,4,2,12,10,10000,0,0
2,infantcog30_13,4,2,12,10,10000,0,0
2,infantcog36_3,4,2,12,10,10000,0,1
2,infantcog37_2,4,2,12,10,10000,0,0
2,infantcog39_1,3,6.91,9.306,2.395999999999999,2395.999999999999,2,0
2,infantcog39_1,3,9.452,12,2.548,2548,2,0
2,infantcog39_4,4,2,12,10,10000,0,1
2,infantcog43_3,3,6.392,7.514,1.1219999999999999,1122,2,0
2,infantcog43_10,4,2,12,10,10000,0,0
2,infantcog45_4,5,9.146,11.186,2.039999999999999,2039.999999999999,1,0
2,infantcog45_7,4,2,12,10,10000,0,0
2,infantcog45_8,4,2,12,10,10000,0,0
2,infantcog45_11,5,11.39,11.866,0.4759999999999991,475.9999999999991,1,0
2,infantcog45_13,4,2,12,10,10000,0,0
2,infantcog58_6,4,8.534,10.846,2.3119999999999994,2311.9999999999995,0,0
2,infantcog58_6,4,11.152,11.832,0.6800000000000015,680.0000000000015,0,0
2,infantcog58_10,4,2,12,10,10000,0,0
2,infantcog16_3,4,2,12,10,10000,0,0
2,infantcog16_4,4,2,12,10,10000,0,0
2,infantcog16_8,4,2,12,10,10000,0,0
2,infantcog18_8,3,2.739,4.455,1.7160000000000002,1716.0000000000002,2,0
2,infantcog24_8,6,10.131,12,1.8689999999999998,1868.9999999999998,1,0
2,infantcog24_13,1,2,8.25,6.25,6250,2,0
2,infantcog48_1,4,2,12,10,10000,0,0
2,infantcog53_2,4,2,12,10,10000,0,0
2,infantcog53_7,4,2.508,4.587,2.0789999999999997,2078.9999999999995,0,0
2,infantcog53_7,4,5.907,8.481,2.574,2574,0,0
2,infantcog53_7,4,11.133,12,0.8670000000000009,867.0000000000009,0,0
2,infantcog56_1,4,2,12,10,10000,0,0
2,infantcog57_5,4,2,12,10,10000,0,0
2,princetonbabylab01_3,4,8.92,10.52,1.5999999999999996,1599.9999999999995,0,0
2,princetonbabylab01_13,5,11.44,12,0.5600000000000005,560.0000000000005,1,0
2,princetonbabylab01_14,5,11.52,12,0.4800000000000004,480.00000000000045,1,0
2,princetonbabylab04_8,6,2,8.28,6.279999999999999,6279.999999999999,1,0
2,princetonbabylab04_8,6,2.2,4.48,2.2800000000000002,2280.0000000000005,1,0
2,princetonbabylab05_1,4,2,12,10,10000,0,0
2,princetonbabylab06_11,3,2,9.64,7.640000000000001,7640.000000000001,2,0
2,princetonbabylab07_6,3,2,2.68,0.6800000000000002,680.0000000000001,2,1
2,princetonbabylab09_9,5,10.6,12,1.4000000000000004,1400.0000000000005,1,1
2,princetonbabylab09_14,2,2,3.48,1.48,1480,2,0
2,princetonbabylab09_14,2,4,12,8,8000,2,0
2,princetonbabylab10_4,4,2,12,10,10000,0,0
2,princetonbabylab11_2,5,4.88,5.8,0.9199999999999999,919.9999999999999,1,0
2,princetonbabylab11_2,5,10.32,12,1.6799999999999997,1679.9999999999998,1,0
2,princetonbabylab11_4,4,4.587,9.504,4.917,4917,0,1
2,princetonbabylab11_4,4,10.989,12,1.0109999999999992,1010.9999999999992,0,1
2,princetonbabylab11_6,4,4.224,8.25,4.026,4026,0,0
2,princetonbabylab11_6,4,5.544,12,6.456,6456,0,0
2,princetonbabylab11_7,5,2.68,9.6,6.92,6920,1,1
2,princetonbabylab12_2,4,11.08,11.28,0.1999999999999993,199.9999999999993,0,0
2,princetonbabylab13_6,5,5.76,12,6.24,6240,1,1
2,princetonbabylab13_7,5,2.88,3.92,1.04,1040,1,0
2,princetonbabylab13_7,5,7.48,8.92,1.4399999999999995,1439.9999999999995,1,0
2,princetonbabylab14_6,4,2,12,10,10000,0,0
2,princetonbabylab15_3,4,4.56,7,2.4400000000000004,2440.0000000000005,0,0
2,princetonbabylab18_6,4,2.92,3.36,0.43999999999999995,439.99999999999994,0,0
2,princetonbabylab18_6,4,4.12,4.72,0.5999999999999996,599.9999999999997,0,0
2,umn_cbplab_401_12,4,11.088,12,0.9120000000000008,912.0000000000008,0,0
2,umn_cbplab_401_13,4,2,6.831,4.831,4831,0,0
2,umn_cbplab_401_3,NA,NA,NA,0,0,NA,NA
2,umn_cbplab_405_8,4,2,12,10,10000,0,0
2,umn_cbplab_407_4,4,7.722,9.372,1.6499999999999995,1649.9999999999995,0,0
2,umn_cbplab_409_3,4,2,12,10,10000,0,0
2,umn_cbplab_411_11,4,2,12,10,10000,0,0
2,umn_cbplab_411_3,4,2,12,10,10000,0,0
2,umn_cbplab_417_5,4,10.695,12,1.3049999999999997,1304.9999999999998,0,0
2,umn_cbplab_419_1,4,2,12,10,10000,0,0
2,umn_cbplab_419_11,4,2,12,10,10000,0,0
2,umn_cbplab_419_4,4,2,12,10,10000,0,0
2,umn_cbplab_419_5,4,2,12,10,10000,0,0
2,umn_cbplab_419_8,4,2,12,10,10000,0,0
2,umn_cbplab_422_3,4,2,12,10,10000,0,0
2,umn_cbplab_427_5,4,2,12,10,10000,0,0
2,umn_cbplab_434_4,5,2,2.805,0.8050000000000002,805.0000000000001,1,0
2,umn_cbplab_434_7,4,2,12,10,10000,0,0
2,umn_cbplab_435_10,4,2,12,10,10000,0,0
2,umn_cbplab_435_4,5,10.098,10.791,0.6929999999999996,692.9999999999997,1,0
2,umn_cbplab_435_5,5,8.989,12,3.0109999999999992,3010.999999999999,1,0
2,umn_cbplab_435_6,4,2,12,10,10000,0,0
2,umn_cbplab_436_4,5,2,4.818,2.8179999999999996,2817.9999999999995,1,0
2,umn_cbplab_436_8,4,2,12,10,10000,0,0
2,umn_cbplab_438_4,4,2,12,10,10000,0,0
2,umn_cbplab_438_5,4,2,12,10,10000,0,0
2,bllumanitoba_5372_2,4,2,12,10,10000,0,0
2,bllumanitoba_5372_3,4,2,12,10,10000,0,0
2,bllumanitoba_5372_4,4,10.74,12,1.2599999999999998,1259.9999999999998,0,0
2,bllumanitoba_5372_5,4,4.87,5.94,1.0700000000000003,1070.0000000000002,0,0
2,bllumanitoba_5372_6,4,2,12,10,10000,0,0
2,bllumanitoba_5390_12,4,2,12,10,10000,0,0
2,bllumanitoba_5390_5,4,2,12,10,10000,0,0
2,bllumanitoba_5390_7,4,2,12,10,10000,0,0
2,bllumanitoba_5391_2,4,3.807,12,8.193,8193,0,0
2,bllumanitoba_5391_3,4,2,12,10,10000,0,0
2,bllumanitoba_5391_7,3,3.762,6.996,3.2340000000000004,3234.0000000000005,2,0
2,bllumanitoba_5391_7,3,8.25,10.164,1.9139999999999997,1913.9999999999998,2,0
2,bllumanitoba_5391_7,3,10.428,12,1.5719999999999992,1571.999999999999,2,0
2,bllumanitoba_5402_7,5,2,7.722,5.722,5722,1,0
2,bllumanitoba_5402_7,5,8.382,12,3.6180000000000003,3618.0000000000005,1,0
2,bllumanitoba_5404_2,4,2,12,10,10000,0,0
2,bllumanitoba_5404_3,4,2,12,10,10000,0,0
2,bllumanitoba_5404_5,4,8.099,9.933,1.8339999999999996,1833.9999999999995,0,0
2,bllumanitoba_5411_5,5,6.699,8.481,1.782,1782,1,0
2,bllumanitoba_5414_1,5,2,10.428,8.428,8428,1,1
2,bllumanitoba_5415_10,3,2.55,9.504,6.954,6954,2,0
2,bllumanitoba_5415_10,3,5.99,7.095,1.1049999999999995,1104.9999999999995,2,0
2,bllumanitoba_5415_12,3,3.465,6.435,2.9699999999999998,2969.9999999999995,2,0
2,bllumanitoba_5415_13,3,2,12,10,10000,2,0
2,bllumanitoba_5415_13,3,5.61,6.93,1.3199999999999994,1319.9999999999993,2,0
2,bllumanitoba_5415_13,3,7.755,9.075,1.3199999999999994,1319.9999999999993,2,0
2,bllumanitoba_5415_14,6,2,4.95,2.95,2950,1,0
2,bllumanitoba_5415_14,6,2,9.075,7.074999999999999,7074.999999999999,1,0
2,bllumanitoba_5415_6,5,2,12,10,10000,1,0
2,bllumanitoba_5415_7,6,2,11.055,9.055,9055,1,0
2,bllumanitoba_5415_7,6,5.775,11.055,5.279999999999999,5279.999999999999,1,0
2,bllumanitoba_5415_9,6,2,12,10,10000,1,0
2,bllumanitoba_5415_9,6,2,3.201,1.201,1201,1,0
2,bllumanitoba_5416_14,4,8.085,11.235,3.1499999999999986,3149.9999999999986,0,0
2,bllumanitoba_5416_2,4,2,12,10,10000,0,0
2,bllumanitoba_5416_3,4,2,12,10,10000,0,0
2,bllumanitoba_5416_4,4,2,12,10,10000,0,0
2,bllumanitoba_5416_5,4,2,12,10,10000,0,0
2,bllumanitoba_5416_8,4,2,12,10,10000,0,0
2,bllumanitoba_5421_3,4,2,12,10,10000,0,0
2,bllumanitoba_5421_5,4,2,12,10,10000,0,0
2,bllumanitoba_5421_7,4,2,12,10,10000,0,0
2,bllumanitoba_5423_1,4,2,12,10,10000,0,0
2,bllumanitoba_5423_2,4,2,12,10,10000,0,0
2,bllumanitoba_5423_5,5,5.28,7.425,2.1449999999999996,2144.9999999999995,1,0
2,bllumanitoba_5423_7,4,2,12,10,10000,0,0
2,bllumanitoba_5423_8,5,4.725,6.567,1.8420000000000005,1842.0000000000005,1,0
2,bllumanitoba_5427_12,2,6.105,7.194,1.0889999999999995,1088.9999999999995,2,0
2,bllumanitoba_5427_2,4,2,12,10,10000,0,0
2,bllumanitoba_5427_3,4,2,12,10,10000,0,0
2,bllumanitoba_5427_5,4,2,12,10,10000,0,0
2,bllumanitoba_5428_6,4,2,12,10,10000,0,0
2,bllumanitoba_5429_1,4,2,12,10,10000,0,0
2,bllumanitoba_5429_2,5,4.422,4.884,0.46200000000000063,462.0000000000006,1,0
2,bllumanitoba_5429_6,6,2,3.927,1.927,1927,1,0
2,bllumanitoba_5434_12,4,2,12,10,10000,0,0
2,bllumanitoba_5434_2,4,2,12,10,10000,0,0
2,bllumanitoba_5434_4,4,2,12,10,10000,0,0
2,bllumanitoba_5434_9,4,2,12,10,10000,0,0
2,bllumanitoba_5436_13,3,4.323,5.445,1.1219999999999999,1122,1,0
2,bllumanitoba_5436_13,3,7.359,9.702,2.343,2343,1,0
2,bllumanitoba_5436_3,4,2,12,10,10000,0,0
2,bllumanitoba_5436_4,4,6.699,7.359,0.6600000000000001,660.0000000000001,0,0
2,bllumanitoba_5436_4,4,10.395,11.187,0.7919999999999998,791.9999999999998,0,0
2,bllumanitoba_5436_7,4,2,12,10,10000,0,0
2,bllumanitoba_5436_9,4,8.745,9.966,1.221,1221,0,0
2,bllumanitoba_5437_1,4,2,12,10,10000,0,0
2,bllumanitoba_5437_10,4,2,5.115,3.115,3115,0,0
2,bllumanitoba_5437_12,4,6.633,12,5.367,5367,0,0
2,bllumanitoba_5437_2,4,2,12,10,10000,0,0
2,bllumanitoba_5438_3,4,2,12,10,10000,0,0
2,bllumanitoba_5438_5,4,2,12,10,10000,0,0
2,bllumanitoba_5438_8,4,5.94,6.501,0.5609999999999999,561,0,0
2,bllumanitoba_5438_8,4,8.415,9.372,0.9570000000000007,957.0000000000007,0,0
2,bllumanitoba_5438_9,5,8.778,9.372,0.5939999999999994,593.9999999999994,1,0
2,bllumanitoba_5442_1,4,2,12,10,10000,0,0
2,bllumanitoba_5442_11,4,2,12,10,10000,0,0
2,bllumanitoba_5442_13,4,3.531,7.491,3.9599999999999995,3959.9999999999995,0,0
2,bllumanitoba_5442_14,4,2,12,10,10000,0,0
2,bllumanitoba_5442_3,4,8.976,10.857,1.8809999999999985,1880.9999999999984,0,0
2,bllumanitoba_5442_4,4,2,12,10,10000,0,0
2,bllumanitoba_5442_6,6,5.445,9.306,3.860999999999999,3860.999999999999,1,0
2,bllumanitoba_5442_6,6,6.171,10.56,4.389,4389,1,0
2,bllumanitoba_5442_9,4,2,12,10,10000,0,0
2,bllumanitoba_5443_1,4,2,12,10,10000,0,1
2,bllumanitoba_5443_4,4,2,12,10,10000,0,0
2,bllumanitoba_5450_1,4,2,6.699,4.699,4699,0,0
2,bllumanitoba_5450_14,5,10.032,11.694,1.6620000000000008,1662.000000000001,1,0
2,bllumanitoba_5450_14,5,10.131,12,1.8689999999999998,1868.9999999999998,1,0
2,bllumanitoba_5450_2,5,7.26,7.92,0.6600000000000001,660.0000000000001,1,0
2,bllumanitoba_5450_7,6,7.59,10.23,2.6400000000000006,2640.0000000000005,1,0
2,bllumanitoba_5450_9,5,7.722,8.25,0.5279999999999996,527.9999999999995,1,0
2,bllumanitoba_5453_1,4,2,12,10,10000,0,0
2,bllumanitoba_5453_6,4,2,12,10,10000,0,0
2,bllumanitoba_5463_3,4,2,12,10,10000,0,0
3,infantcog01_1,3,6.766,7.548,0.782,782,2,0
3,infantcog01_1,3,8.908,11.662,2.7540000000000013,2754.0000000000014,2,0
3,infantcog02_1,4,3.3,12,8.7,8700,0,0
3,infantcog02_5,3,6.765,9.319,2.554000000000001,2554.0000000000014,2,0
3,infantcog02_8,3,7.095,10.445,3.3500000000000005,3350.0000000000005,2,1
3,infantcog03_10,5,3.795,5.235,1.4400000000000004,1440.0000000000005,1,1
3,infantcog03_10,1,10.758,12,1.2420000000000009,1242.000000000001,1,1
3,infantcog03_11,3,2.97,3.762,0.7919999999999998,791.9999999999998,2,0
3,infantcog03_11,3,5.973,6.798,0.8250000000000002,825.0000000000002,2,0
3,infantcog03_3,5,4.521,5.643,1.1219999999999999,1122,2,0
3,infantcog03_3,5,7.227,9.009,1.782,1782,2,0
3,infantcog03_3,3,10.461,12,1.5389999999999997,1538.9999999999998,2,0
3,infantcog03_4,4,2,12,10,10000,0,0
3,infantcog06_1,4,8.481,10,1.5190000000000001,1519.0000000000002,0,0
3,infantcog06_7,4,6.897,7.821,0.9239999999999995,923.9999999999995,0,0
3,infantcog16_2,4,7.59,12,4.41,4410,0,0
3,infantcog17_6,3,9.306,9.547,0.24100000000000144,241.00000000000142,2,0
3,infantcog17_7,3,4,12,8,8000,2,1
3,infantcog18_1,4,2,12,10,10000,0,0
3,infantcog18_1,3,5.511,6.369,0.8579999999999997,857.9999999999997,0,0
3,infantcog18_1,3,6.864,8.481,1.617,1617,0,0
3,infantcog18_3,4,2,12,10,10000,0,0
3,infantcog18_3,4,2.334,8.344,6.01,6010,0,0
3,infantcog18_6,4,3.589,5.459,1.8699999999999997,1869.9999999999998,0,0
3,infantcog18_6,4,2,12,10,10000,0,0
3,infantcog18_7,3,2,12,10,10000,2,0
3,infantcog19_10,6,4.758,6.897,2.1390000000000002,2139.0000000000005,1,0
3,infantcog19_11,3,8.976,12,3.023999999999999,3023.999999999999,2,0
3,infantcog19_11,6,7.05,10,2.95,2950,2,0
3,infantcog19_13,5,4.675,5.34,0.665,665,1,0
3,infantcog19_13,7,11,12,1,1000,1,0
3,infantcog21_1,4,2,12,10,10000,0,0
3,infantcog30_6,4,2,12,10,10000,0,0
3,infantcog30_8,4,2,12,10,10000,0,0
3,infantcog36_6,5,2.475,3.036,0.5609999999999999,561,1,1
3,infantcog36_6,5,3.63,4.455,0.8250000000000002,825.0000000000002,1,1
3,infantcog36_6,3,4.983,5.148,0.16500000000000004,165.00000000000003,1,1
3,infantcog36_6,5,5,5.445,0.4450000000000003,445.0000000000003,1,1
3,infantcog37_5,3,9.867,11.05,1.1829999999999998,1182.9999999999998,2,0
3,infantcog37_7,3,9.273,10.56,1.2870000000000008,1287.000000000001,2,0
3,infantcog43_6,4,2,12,10,10000,0,0
3,infantcog43_7,4,2,12,10,10000,0,0
3,infantcog43_9,4,2,12,10,10000,0,0
3,infantcog45_10,4,2,12,10,10000,0,0
3,infantcog45_9,4,2,12,10,10000,0,0
3,infantcog48_3,4,3.662,12,8.338000000000001,8338.000000000002,0,0
3,infantcog48_7,4,2,12,10,10000,0,0
3,infantcog55_3,4,2,12,10,10000,0,0
3,infantcog56_3,4,2,12,10,10000,0,0
3,infantcog56_6,5,3.411,9.463,6.052,6052,1,0
3,infantcog56_6,4,10.392,12,1.6080000000000005,1608.0000000000005,1,0
3,infantcog57_2,4,2,12,10,10000,0,0
3,infantcog58_5,4,2,12,10,10000,0,0
3,princetonbabylab01_1,4,2,12,10,10000,0,0
3,princetonbabylab01_7,4,3.12,3.4,0.2799999999999998,279.99999999999983,0,0
3,princetonbabylab01_7,4,10.28,12,1.7200000000000006,1720.0000000000007,0,0
3,princetonbabylab03_6,4,2,12,10,10000,0,0
3,princetonbabylab04_4,4,10.56,12,1.4399999999999995,1439.9999999999995,0,0
3,princetonbabylab05_2,3,4.96,6.6,1.6399999999999997,1639.9999999999998,2,1
3,princetonbabylab05_2,5,9.64,11.04,1.3999999999999986,1399.9999999999986,2,1
3,princetonbabylab08_12,4,2,12,10,10000,0,0
3,princetonbabylab08_12,6,3.52,4.4,0.8800000000000003,880.0000000000003,0,0
3,princetonbabylab08_12,5,11.36,12,0.6400000000000006,640.0000000000006,0,0
3,princetonbabylab10_5,3,3.36,7.16,3.8000000000000003,3800.0000000000005,2,1
3,princetonbabylab10_5,2,8.68,12,3.3200000000000003,3320.0000000000005,2,1
3,princetonbabylab13_2,4,2,12,10,10000,0,0
3,princetonbabaylab13_5,4,2,12,10,10000,0,0
3,princetonbabylab13_11,4,2,12,10,10000,0,0
3,princetonbabylab14_3,3,2,12,10,10000,2,0
3,princetonbabylab14_8,6,4,9.4,5.4,5400,1,1
3,princetonbabylab16_4,2,2,12,10,10000,2,0
3,princetonbabylab16_11,4,2,12,10,10000,0,0
3,princetonbabylab17_2,5,3,6.32,3.3200000000000003,3320.0000000000005,1,0
3,princetonbabylab17_2,5,6.68,7.28,0.6000000000000005,600.0000000000006,1,0
3,princetonbabylab17_2,6,10.52,12,1.4800000000000004,1480.0000000000005,1,0
3,princetonbabylab17_14,4,2.8,7.92,5.12,5120,0,1
3,princetonbabylab17_14,6,9.92,10.32,0.40000000000000036,400.00000000000034,0,1
3,princetonbabaylab18_1,3,5.76,7.6,1.8399999999999999,1839.9999999999998,2,0
3,princetonbabylab17_5,5,8.08,9.04,0.9599999999999991,959.9999999999991,1,0
3,princetonbabylab17_9,5,3.08,5.04,1.96,1960,1,1
3,princetonbabylab17_9,4,8.12,9.16,1.040000000000001,1040.000000000001,1,1
3,umn_cbplab_401_7,3,11.04,12,0.9600000000000009,960.0000000000009,2,0
3,umn_cbplab_403_3,4,3.32,3.36,0.040000000000000036,40.000000000000036,0,1
3,umn_cbplab_405_10,4,2,12,10,10000,0,0
3,umn_cbplab_405_12,4,2,12,10,10000,0,0
3,umn_cbplab_405_2,4,2,12,10,10000,0,0
3,umn_cbplab_409_5,4,2,12,10,10000,0,0
3,umn_cbplab_411_8,4,2,12,10,10000,0,0
3,umn_cbplab_416_2,4,2,12,10,10000,0,0
3,umn_cbplab_419_3,4,2,12,10,10000,0,0
3,umn_cbplab_421_10,4,3.64,7.36,3.72,3720,0,1
3,umn_cbplab_421_2,4,8.08,12,3.92,3920,0,1
3,umn_cbplab_421_3,4,2,12,10,10000,0,0
3,umn_cbplab_422_1,4,6.36,12,5.64,5640,0,1
3,umn_cbplab_423_6,4,9,10.6,1.5999999999999996,1599.9999999999995,0,1
3,umn_cbplab_423_8,4,2,12,10,10000,0,0
3,umn_cbplab_430_10,4,2,12,10,10000,0,0
3,umn_cbplab_422_1,4,6.36,12,5.64,5640,0,1
3,umn_cbplab_423_6,4,9,10.6,1.5999999999999996,1599.9999999999995,0,1
3,umn_cbplab_423_8,4,2,12,10,10000,0,0
3,umn_cbplab_423_10,4,2,12,10,10000,0,0
3,umn_cbplab_432_2,4,2,12,10,10000,0,0
3,umn_cbplab_432_9,3,9.72,12,2.2799999999999994,2279.9999999999995,2,1
3,umn_cbplab_433_4,4,2,12,10,10000,0,0
3,umn_cbplab_434_11,5,2,12,10,10000,1,0
3,umn_cbplab_434_3,4,2,12,10,10000,0,0
3,umn_cbplab_436_5,6,7.12,8.48,1.3600000000000003,1360.0000000000002,1,1
3,umn_cbplab_437_1,4,2,12,10,10000,0,0
3,umn_cbplab_437_2,4,2,12,10,10000,0,0
3,umn_cbplab_437_6,4,2,12,10,10000,0,0
3,umn_cbplab_437_7,4,2,12,10,10000,0,0
3,umn_cbplab_438_6,4,5.56,7.68,2.12,2120,0,1
3,umn_cbplab_440_4,4,2,12,10,10000,0,0
3,umn_cbplab_440_8,4,2,12,10,10000,0,0
4,infantcog01_4,3,2.21,5.134,2.9240000000000004,2924.0000000000005,2,0
4,infantcog01_4,3,7.174,9.452,2.2779999999999996,2277.9999999999995,2,0
4,infantcog01_8,3,3.729,5.94,2.2110000000000003,2211.0000000000005,2,0
4,infantcog06_4,4,7.722,9.24,1.5179999999999998,1517.9999999999998,0,0
4,infantcog06_4,4,10.758,12,1.2420000000000009,1242.000000000001,0,0
4,infantcog17_5,6,2,12,10,10000,2,0
4,infantcog19_2,7,3.993,8.646,4.6530000000000005,4653.000000000001,1,1
4,infantcog19_2,6,9.438,9.933,0.4949999999999992,494.9999999999992,1,1
4,infantcog19_5,7,2,9.537,7.537000000000001,7537.000000000001,1,1
4,infantcog19_6,7,2.673,6.204,3.5309999999999997,3530.9999999999995,2,0
4,infantcog19_6,4,7.359,12,4.641,4641,2,0
4,infantcog19_7,7,3.432,6.105,2.6730000000000005,2673.0000000000005,1,0
4,infantcog19_7,7,7.821,8.613,0.7919999999999998,791.9999999999998,1,0
4,infantcog22_4,3,2,7.755,5.755,5755,2,1
4,infantcog29_3,4,2,12,10,10000,0,1
4,infantcog30_14,4,2,12,10,10000,0,0
4,infantcog39_3,3,2,3.597,1.597,1597,2,1
4,infantcog39_3,3,5.346,9.24,3.894,3894,2,1
4,infantcog39_5,4,2,6.633,4.633,4633,0,1
4,infantcog43_2,4,2,12,10,10000,0,0
4,infantcog43_8,4,2,12,10,10000,0,0
4,infantcog43_11,4,2,7.887,5.887,5887,0,1
4,infantcog43_11,3,8.293,9.147,0.854000000000001,854.000000000001,0,1
4,infantcog55_2,3,2,8.913,6.913,6913,2,0
4,infantcog55_2,2,10.659,12,1.3409999999999993,1340.9999999999993,2,0
4,infantcog55_6,3,2,5.973,3.973,3973,2,0
4,infantcog55_6,2,6.435,9.636,3.2009999999999996,3200.9999999999995,2,0
4,infantcog58_8,4,2,6.369,4.369,4369,0,0
4,infantcog58_8,3,7.425,10.725,3.3,3300,0,0
4,infantcog58_11,4,2,11.126,9.126,9126,0,0
4,infantcog16_11,3,2,4.129,2.1289999999999996,2128.9999999999995,2,0
4,infantcog16_11,4,4.23,12,7.77,7770,2,0
4,infantcog21_3,3,2,5.85,3.8499999999999996,3849.9999999999995,2,0
4,infantcog21_3,4,5.895,10.378,4.4830000000000005,4483.000000000001,2,0
4,infantcog21_3,3,10.412,12,1.5879999999999992,1587.999999999999,2,0
4,infantcog21_7,4,2,5.086,3.0860000000000003,3086.0000000000005,0,0
4,infantcog21_7,3,5.112,12,6.888,6888,0,0
4,infantcog24_7,4,2,11.903,9.903,9903,0,0
4,infantcog24_7,6,11.954,12,0.045999999999999375,45.999999999999375,0,0
4,infantcog24_12,2,2,4.712,2.7119999999999997,2711.9999999999995,2,0
4,infantcog24_12,4,4.768,6.023,1.255,1255,2,0
4,infantcog24_12,4,8.442,9.627,1.1850000000000005,1185.0000000000005,2,0
4,infantcog56_4,3,2,5.327,3.327,3327,2,0
4,infantcog56_4,2,5.987,12,6.013,6013,2,0
4,princetonbabylab01_12,4,2,10.824,8.824,8824,0,0
4,princetonbabylab01_12,6,10.857,12,1.1430000000000007,1143.0000000000007,0,0
4,princetonbabylab03_5,4,4.125,10,5.875,5875,0,0
4,princetonbabylab04_3,4,2,10,8,8000,0,1
4,princetonbabylab04_5,4,2,7.512,5.512,5512,0,1
4,princetonbabylab04_5,5,9.849,10,0.1509999999999998,150.9999999999998,0,1
4,princetonbabylab04_7,2,2,4.235,2.2350000000000003,2235.0000000000005,2,0
4,princetonbabylab04_7,3,4.385,5.217,0.8319999999999999,831.9999999999999,2,0
4,princetonbabylab04_7,4,5.337,12,6.663,6663,2,0
4,princetonbabylab05_5,4,2,10,8,8000,0,0
4,princetonbabylab05_7,4,2,12,10,10000,0,0
4,princetonbabylab08_5,4,2,12,10,10000,0,0
4,princetonbabylab09_4,7,2,2.277,0.27700000000000014,277.0000000000001,1,0
4,princetonbabylab09_4,4,2.376,12,9.624,9624,1,0
4,princetonbabylab12_1,4,2,12,10,10000,0,0
4,princetonbabylab15_2,3,2,7.586,5.586,5586,2,1
4,princetonbabylab15_2,4,7.628,12,4.372,4372,2,1
4,princetonbabylab16_1,2,2,12,10,10000,2,0
4,princetonbabylab16_12,3,2,12,10,10000,2,0
4,princetonbabylab18_7,4,2,10.589,8.589,8589,0,0
4,umn_cbplab_401_2,NA,NA,NA,0,0,NA,NA
4,umn_cbplab_405_3,4,2,12,10,10000,0,0
4,umn_cbplab_407_6,4,2,4.0962,2.0961999999999996,2096.2,0,0
4,umn_cbplab_407_6,7,4.224,4.554,0.33000000000000007,330.00000000000006,0,0
4,umn_cbplab_407_6,4,4.686,12,7.314,7314,0,0
4,umn_cbplab_407_8,4,2,12,10,10000,0,1
4,umn_cbplab_407_9,4,2,12,10,10000,0,0
4,umn_cbplab_411_4,4,2,10,8,8000,0,0
4,umn_cbplab_416_1,4,2,11.401,9.401,9401,0,0
4,umn_cbplab_416_1,6,11.431,12,0.5690000000000008,569.0000000000008,0,0
4,umn_cbplab_420_1,4,2,12,10,10000,0,0
4,umn_cbplab_420_11,4,2,12,10,10000,0,0
4,umn_cbplab_420_12,4,2,12,10,10000,0,0
4,umn_cbplab_421_12,4,2,12,10,10000,0,0
4,umn_cbplab_421_4,4,2,12,10,10000,0,1
4,umn_cbplab_421_9,3,2,12,10,10000,2,1
4,umn_cbplab_422_4,5,2,12,10,10000,1,1
4,umn_cbplab_423_2,4,2,12,10,10000,0,0
4,umn_cbplab_423_5,4,2,12,10,10000,0,0
4,umn_cbplab_427_6,4,2,12,10,10000,0,0
4,umn_cbplab_427_8,4,2,12,10,10000,0,0
4,umn_cbplab_427_9,4,2,10,8,8000,0,0
4,umn_cbplab_430_4,1,2,3.884,1.884,1884,2,0
4,umn_cbplab_430_4,4,4.125,12,7.875,7875,2,0
4,umn_cbplab_430_8,4,2,11.337,9.337,9337,0,0
4,umn_cbplab_432_1,4,2,12,10,10000,0,0
4,umn_cbplab_432_8,4,2,12,10,10000,0,0
4,umn_cbplab_434_1,4,2,12,10,10000,0,0
4,umn_cbplab_434_10,4,2,5.832,3.832,3832,0,0
4,umn_cbplab_434_10,5,5.862,8.799,2.9369999999999994,2936.9999999999995,0,0
4,umn_cbplab_434_9,NA,NA,NA,0,0,NA,NA
4,umn_cbplab_435_1,4,2,12,10,10000,0,0
4,umn_cbplab_435_12,4,2,12,10,10000,0,0
4,umn_cbplab_436_3,5,2,12,10,10000,1,0
4,umn_cbplab_436_7,3,2,12,10,10000,2,0
4,umn_cbplab_437_8,4,2,12,10,10000,0,0
4,umn_cbplab_439_3,4,2,12,10,10000,0,1
4,umn_cbplab_440_12,4,2,4.127,2.127,2127,0,0
4,umn_cbplab_440_12,2,4.157,12,7.843,7843,0,0
4,umn_cbplab_440_14,4,2,12,10,10000,0,0
4,bllumanitoba_5372_1,4,2,12,10,10000,0,0
4,bllumanitoba_5390_10,4,2,12,10,10000,0,0
4,bllumanitoba_5390_4,4,2,12,10,10000,0,0
4,bllumanitoba_5391_1,3,2,12,10,10000,2,0
4,bllumanitoba_5391_4,3,2,12,10,10000,2,0
4,bllumanitoba_5391_5,3,7.59,12,4.41,4410,2,0
4,bllumanitoba_5391_6,4,2,12,10,10000,0,0
4,bllumanitoba_5391_8,NA,NA,NA,0,0,NA,NA
4,bllumanitoba_5402_2,4,2,12,10,10000,0,0
4,bllumanitoba_5402_5,5,2,10.567,8.567,8567,1,0
4,bllumanitoba_5404_1,3,2,12,10,10000,2,0
4,bllumanitoba_5404_6,3,2,12,10,10000,2,0
4,bllumanitoba_5411_4,5,2,12,10,10000,1,1
4,bllumanitoba_5411_8,4,2,12,10,10000,0,0
4,bllumanitoba_5414_11,4,2,12,10,10000,0,1
4,bllumanitoba_5414_13,3,2,12,10,10000,2,1
4,bllumanitoba_5414_2,5,2,9.813,7.813000000000001,7813.000000000001,1,1
4,bllumanitoba_5414_6,4,2,11.564,9.564,9564,0,1
4,bllumanitoba_5414_7,4,2,12,10,10000,0,0
4,bllumanitoba_5414_8,3,2,12,10,10000,2,1
4,bllumanitoba_5414_9,4,2,12,10,10000,0,0
4,bllumanitoba_5415_1,3,2,12,10,10000,2,0
4,bllumanitoba_5415_2,7,2,12,10,10000,1,0
4,bllumanitoba_5416_1,4,2,12,10,10000,0,0
4,bllumanitoba_5416_10,5,2,12,10,10000,1,0
4,bllumanitoba_5416_12,4,2,5.372,3.372,3372,2,1
4,bllumanitoba_5416_12,3,5.403,12,6.597,6597,2,1
4,bllumanitoba_5416_13,2,2,4.176,2.176,2176,1,0
4,bllumanitoba_5416_13,5,4.192,7.68,3.4879999999999995,3487.9999999999995,1,0
4,bllumanitoba_5416_13,5,9.264,10.32,1.056000000000001,1056.000000000001,1,0
4,bllumanitoba_5416_7,4,2,12,10,10000,0,0
4,bllumanitoba_5421_1,4,2,12,10,10000,0,1
4,bllumanitoba_5421_2,4,2,6.864,4.864,4864,1,1
4,bllumanitoba_5421_2,5,6.897,10.252,3.3550000000000004,3355.0000000000005,1,1
4,bllumanitoba_5427_1,4,2.505,9.57,7.065,7065,0,0
4,bllumanitoba_5427_11,5,3.408,4.448,1.0400000000000005,1040.0000000000005,1,0
4,bllumanitoba_5427_13,4,2,3.795,1.795,1795,0,0
4,bllumanitoba_5427_13,4,5.709,8.874,3.165000000000001,3165.000000000001,0,0
4,bllumanitoba_5427_4,4,2,4.4166,2.4166,2416.6,0,1
4,bllumanitoba_5427_6,4,2,12,10,10000,0,0
4,bllumanitoba_5427_9,3,2.908,7.553,4.645,4645,2,0
4,bllumanitoba_5427_9,4,7.775,8.637,0.8620000000000001,862.0000000000001,2,0
4,bllumanitoba_5427_9,3,10.857,12,1.1430000000000007,1143.0000000000007,2,0
4,bllumanitoba_5428_1,4,2,5.035,3.035,3035,1,0
4,bllumanitoba_5428_1,6,5.082,12,6.918,6918,1,0
4,bllumanitoba_5428_3,5,2,6.172,4.172,4172,1,0
4,bllumanitoba_5428_3,4,6.204,12,5.796,5796,1,0
4,bllumanitoba_5428_7,4,2,5.973,3.973,3973,1,0
4,bllumanitoba_5428_7,5,6.006,10.23,4.224,4224,1,0
4,bllumanitoba_5429_3,NA,NA,NA,0,0,NA,NA
4,bllumanitoba_5429_4,4,2,8.976,6.976000000000001,6976.000000000001,0,0
4,bllumanitoba_5429_5,NA,NA,NA,0,0,NA,NA
4,bllumanitoba_5434_10,4,2,12,10,10000,0,0
4,bllumanitoba_5434_14,4,2,10.131,8.131,8131,0,0
4,bllumanitoba_5434_3,4,2,12,10,10000,0,0
4,bllumanitoba_5434_5,4,2,12,10,10000,0,0
4,bllumanitoba_5434_8,4,2,12,10,10000,0,0
4,bllumanitoba_5436_1,4,2,12,10,10000,0,0
4,bllumanitoba_5436_11,4,2,7.788,5.788,5788,0,0
4,bllumanitoba_5436_11,4,9.367,12,2.632999999999999,2632.999999999999,0,0
4,bllumanitoba_5436_14,4,2.376,9.498,7.122,7122,0,0
4,bllumanitoba_5436_5,4,2,12,10,10000,0,0
4,bllumanitoba_5436_6,4,2,12,10,10000,0,0
4,bllumanitoba_5437_11,4,2,12,10,10000,0,0
4,bllumanitoba_5437_14,4,2,12,10,10000,0,0
4,bllumanitoba_5437_5,4,2,12,10,10000,0,0
4,bllumanitoba_5437_6,4,2,12,10,10000,0,0
4,bllumanitoba_5437_7,4,2,12,10,10000,0,0
4,bllumanitoba_5438_2,4,2,12,10,10000,0,0
4,bllumanitoba_5438_4,4,2,12,10,10000,0,0
4,bllumanitoba_5438_7,4,2,12,10,10000,0,0
4,bllumanitoba_5442_12,4,2,12,10,10000,0,0
4,bllumanitoba_5442_2,4,2,12,10,10000,0,0
4,bllumanitoba_5442_5,4,2,10.297,8.297,8297,0,0
4,bllumanitoba_5442_7,5,2,8.059,6.058999999999999,6058.999999999999,1,0
4,bllumanitoba_5442_8,3,2,12,10,10000,2,0
4,bllumanitoba_5443_3,4,6.303,12,5.697,5697,0,1
4,bllumanitoba_5443_5,4,7.055,9.768,2.713000000000001,2713.000000000001,0,1
4,bllumanitoba_5450_10,4,2,7.458,5.458,5458,1,0
4,bllumanitoba_5450_10,6,7.492,12,4.508,4508,1,0
4,bllumanitoba_5450_11,4,2,12,10,10000,0,0
4,bllumanitoba_5450_3,4,2,10.822,8.822,8822,0,0
4,bllumanitoba_5450_5,4,2,12,10,10000,0,0
4,bllumanitoba_5450_6,4,2,12,10,10000,0,0
4,bllumanitoba_5453_2,6,2,12,10,10000,1,0
4,bllumanitoba_5453_4,4,2,12,10,10000,0,0
4,bllumanitoba_5453_5,4,2,12,10,10000,0,0
4,bllumanitoba_5463_1,4,2,12,10,10000,0,0
4,bllumanitoba_5463_2,4,2,12,10,10000,0,1
4,bllumanitoba_5463_5,NA,NA,NA,0,0,NA,NA
4,bllumanitoba_5463_7,4,2,12,10,10000,0,0
5,infantcog01_5,5,2.78,3.46,0.6800000000000002,680.0000000000001,1,1
5,infantcog01_5,6,10.57,12,1.4299999999999997,1429.9999999999998,1,1
5,infantcog01_5,3,9.96,10.37,0.40999999999999837,409.99999999999835,1,1
5,infantcog01_6,5,11.055,12,0.9450000000000003,945.0000000000002,1,0
5,infantcog02_6,3,5.181,7.392,2.2110000000000003,2211.0000000000005,2,0
5,infantcog02_7,6,5.082,6.798,1.7160000000000002,1716.0000000000002,2,1
5,infantcog02_7,4,11.583,11.946,0.36299999999999955,362.99999999999955,2,1
5,infantcog03_5,4,6.501,7.623,1.1219999999999999,1122,0,1
5,infantcog03_8,6,2.64,3.235,0.5949999999999998,594.9999999999998,1,0
5,infantcog03_8,6,11.385,11.748,0.36299999999999955,362.99999999999955,1,0
5,infantcog03_14,3,6.798,9.108,2.3100000000000005,2310.0000000000005,2,1
5,infantcog06_6,4,2,12,10,10000,0,0
5,infantcog06_9,4,2,12,10,10000,0,0
5,infantcog19_3,7,3.003,11.682,8.679,8679,1,0
5,infantcog22_1,4,2,12,10,10000,0,0
5,infantcog22_3,4,2,12,10,10000,0,0
5,infantcog19_9,5,4.752,6.699,1.947,1947,1,0
5,infantcog22_5,4,6.864,8.25,1.3860000000000001,1386.0000000000002,0,0
5,infantcog22_5,5,11.352,11.979,0.6269999999999989,626.9999999999989,0,0
5,infantcog36_1,4,2,12,10,10000,0,0
5,infantcog36_4,5,9.303,10.065,0.7619999999999987,761.9999999999986,1,0
5,infantcog36_4,6,10.791,12,1.2089999999999996,1208.9999999999995,1,0
5,infantcog36_5,5,11.154,12,0.8460000000000001,846.0000000000001,1,0
5,infantcog41_1,4,2,12,10,10000,0,0
5,infantcog51_4,5,9.834,10.527,0.6929999999999996,692.9999999999997,1,0
5,infantcog51_6,4,2,12,10,10000,0,0
5,infantcog55_1,4,2,12,10,10000,0,0
5,infantcog16_5,2,2,12,10,10000,2,0
5,infantcog16_7,2,2,12,10,10000,2,0
5,infantcog16_9,2,2,12,10,10000,2,0
5,infantcog21_4,3,2,12,10,10000,2,0
5,infantcog21_6,3,2,12,10,10000,2,0
5,infantcog 21_8,3,9.078,9.537,0.4590000000000014,459.0000000000014,2,0
5,infantcog21_8,3,10.56,10.758,0.19799999999999862,197.99999999999864,NA,NA
5,infantcog21_8,3,11.253,11.649,0.395999999999999,395.99999999999903,NA,NA
5,infantcog24_1,4,2,12,10,10000,0,0
5,infantcog24_4,4,2,12,10,10000,0,0
5,infantcog24_6,3,2,12,10,10000,2,0
5,infantcog24_11,4,8.369,8.741,0.3719999999999999,371.9999999999999,0,0
5,infantcog53_5,4,11.022,11.55,0.5280000000000005,528.0000000000005,0,0
5,infantcog56_5,4,2,12,10,10000,0,0
5,infantcog57_1,3,2,12,10,10000,2,0
5,princetonbabylab01_5,4,2,12,10,10000,0,0
5,princetonbabylab01_10,4,5.082,5.802,0.7199999999999998,719.9999999999998,0,0
5,princetonbabylab03_1,4,2,12,10,10000,0,0
5,princetonbabylab03_4,5,11.814,12,0.18599999999999994,185.99999999999994,2,0
5,princetonbabylab05_3,4,2,12,10,10000,0,0
5,princetonbabylab06_3,4,2,12,10,10000,0,0
5,princetonbabylab06_5,5,9.08,9.472,0.39199999999999946,391.99999999999943,2,0
5,princentonbabylab06_7,4,2,12,10,10000,0,0
5,princentonbabylab06_9,4,2,12,10,10000,0,0
5,princentonbabylab08_1,4,2,12,10,10000,0,0
5,princentonbabylab08_3,4,2,12,10,10000,0,0
5,princentonbabylab09_5,5,6.765,7.359,0.5940000000000003,594.0000000000003,1,0
5,princentonbabylab09_7,3,2,12,10,10000,2,0
5,princentonbabylab10_2,4,3.102,3.729,0.6270000000000002,627.0000000000002,0,0
5,princentonbabylab10_3,4,2,12,10,10000,0,0
5,princentonbabylab11_12,4,6.963,8.349,1.3860000000000001,1386.0000000000002,0,1
5,pricentpnbabylab12_8,5,11.253,12,0.7469999999999999,746.9999999999999,1,0
5,princentonbabylab13_3,4,7.127,8.058,0.931,931,0,0
5,princentonbabylab13_10,3,2,2.28,0.2799999999999998,279.99999999999983,2,0
5,princentonbabylab13_10,3,5.131,5.58,0.44899999999999984,448.99999999999983,2,0
5,princentonbabylab14_1,5,4.112,4.733,0.6209999999999996,620.9999999999995,2,0
5,princentonbabylab14_7,4,2,12,10,10000,0,0
5,princentonbabylab16_3,NA,NA,NA,0,0,NA,NA
5,princentonbabylab16_6,NA,NA,NA,0,0,NA,NA
5,princentonbabylab17_7,4,2,12,10,10000,0,0
5,princentonbabylab18_2,4,2,12,10,10000,0,0
6,infantcog01_2,4,2,12,10,10000,0,0
6,infantcog03_2,4,2,12,10,10000,0,0
6,infantcog03_9,5,10.791,11.154,0.36299999999999955,362.99999999999955,2,0
6,infantcog03_9,2,11.253,12,0.7469999999999999,746.9999999999999,2,0
6,infantcog05_2,4,2,12,10,10000,0,0
6,infantcog05_3,4,2,12,10,10000,0,0
6,infantcog05_4,4,2,12,10,10000,0,0
6,infantcog05_6,4,2,12,10,10000,0,0
6,infantcog06_2,4,2,12,10,10000,0,0
6,infantcog06_8,4,2,12,10,10000,0,0
6,infantcog17_1,3,4.851,9.438,4.587000000000001,4587.000000000001,2,1
6,infantcog17_1,5,9.636,10.098,0.4620000000000015,462.00000000000153,2,1
6,infantcog19_12,6,4.62,7.062,2.442,2442,1,1
6,infantcog19_12,3,8.283,11.022,2.7390000000000008,2739.000000000001,1,1
6,infantcog22_6,3,4.884,7.227,2.343,2343,2,0
6,infantcog22_6,3,11.748,12,0.25200000000000067,252.00000000000068,2,0
6,infantcog30_1,5,3.465,5.61,2.1450000000000005,2145.0000000000005,1,0
6,infantcog30_4,4,2,12,10,10000,0,0
6,infantcog30_7,5,10.197,10.857,0.6600000000000001,660.0000000000001,1,0
6,infantcog30_9,4,2,12,10,10000,0,1
6,infantcog30_12,5,3.762,4.95,1.1880000000000002,1188.0000000000002,1,1
6,infantcog37_6,4,2,12,10,10000,0,0
6,infantcog39_2,3,10.956,12,1.0440000000000005,1044.0000000000005,2,1
6,infantcog39_6,4,2,12,10,10000,0,0
6,infantcog45_6,5,11.187,11.583,0.3960000000000008,396.0000000000008,1,0
6,infantcog51_1,4,2,12,10,10000,0,1
6,infantcog55_9,4,2,12,10,10000,0,0
6,infantcog16_10,4,2,12,10,10000,0,0
6,infantcog16_13,3,5.28,9.075,3.794999999999999,3794.999999999999,2,0
6,infantcog18_2,5,2.739,3.735,0.996,996,1,0
6,infantcog18_2,5,11.583,12,0.4169999999999998,416.99999999999983,1,0
6,infantcog24_9,3,6.237,6.798,0.5609999999999999,561,2,1
6,infantcog24_9,3,8.316,8.547,0.23099999999999987,230.9999999999999,2,1
6,infantcog24_9,3,8.712,9.009,0.2970000000000006,297.00000000000057,2,1
6,infantcog53_3,4,2,12,10,10000,0,1
6,infantcog53_10,4,2,12,10,10000,0,0
6,infantcog57_6,4,2,12,10,10000,0,0
6,princetonbabylab03_2,6,5.576,8.382,2.806,2806,1,0
6,princetonbabylab04_2,4,2,12,10,10000,0,1
6,princetonbabylab04_6,3,6.699,8.184,1.4849999999999994,1484.9999999999995,2,0
6,princetonbabylab04_6,5,8.448,8.679,0.23099999999999987,230.9999999999999,2,0
6,princetonbabylab04_12,1,2,2.64,0.6400000000000001,640.0000000000001,2,0
6,princetonbabylab04_12,1,4.29,9.801,5.511,5511,2,0
6,princetonbabylab04_12,1,11.484,12,0.516,516,2,0
6,princetonbabylab05_4,4,2,12,10,10000,0,0
6,princetonbabylab06_2,3,3.003,4.719,1.7160000000000002,1716.0000000000002,2,0
6,princetonbabylab06_4,3,3.564,6.105,2.5410000000000004,2541.0000000000005,2,0
6,princetonbabylab06_4,3,8.085,9.075,0.9899999999999984,989.9999999999984,2,0
6,princetonbabylab06_12,3,2,5.511,3.511,3511,2,0
6,princetonbabylab06_13,3,2.541,9.009,6.468,6468,2,0
6,princetonbabylab07_1,3,6.699,8.778,2.0790000000000006,2079.0000000000005,2,1
6,princetonbabylab08_2,5,11.121,11.649,0.5279999999999987,527.9999999999986,1,1
6,princetonbabylab08_4,4,2,12,10,10000,0,1
6,princetonbabylab08_6,5,2,2.409,0.4089999999999998,408.99999999999983,1,1
6,princetonbabylab08_6,5,6.468,6.864,0.3959999999999999,395.9999999999999,1,1
6,princetonbabylab08_7,5,2,2.442,0.44200000000000017,442.00000000000017,1,0
6,princetonbabylab08_7,5,5.907,7.062,1.1550000000000002,1155.0000000000002,1,0
6,princetonbabylab08_11,4,2,12,10,10000,0,1
6,princetonbabylab08_14,4,2,12,10,10000,0,0
6,princetonbabylab09_6,3,9.669,11.385,1.7159999999999993,1715.9999999999993,2,1
6,princetonbabylab10_6,3,3.564,10.758,7.193999999999999,7193.999999999999,2,1
6,princetonbabylab12_9,5,11.913,12,0.08699999999999974,86.99999999999974,1,0
6,princetonbabylab13_9,4,2,12,10,10000,0,0
6,princetonbabylab15_5,4,2,12,10,10000,0,0
6,princetonbabylab15_7,5,2,3.564,1.564,1564,1,1
6,princetonbabylab15_7,5,11.385,12,0.6150000000000002,615.0000000000002,1,1
6,princetonbabylab16_5,3,2,12,10,10000,2,0
6,princetonbabylab17_6,3,2.244,5.214,2.97,2970,2,0
6,princetonbabylab17_6,3,8.712,10.989,2.277000000000001,2277.000000000001,2,0
6,princetonbabylab17_6,5,11.385,12,0.6150000000000002,615.0000000000002,2,0
6,princetonbabylab17_13,3,2.739,3.861,1.1220000000000003,1122.0000000000002,2,0
6,princentonbabylab11_12,4,2,12,10,10000,0,1
6,umn_cbplab_401_11,4,2,12,10,10000,0,0
6,umn_cbplab_401_14,4,2,12,10,10000,0,0
6,umn_cbplab_401_5,4,2,12,10,10000,0,0
6,umn_cbplab_404_2,5,2.409,3.828,1.419,1419,1,1
6,umn_cbplab_404_6,5,2.442,3.069,0.6269999999999998,626.9999999999998,1,1
6,umn_cbplab_405_5,4,2,12,10,10000,0,0
6,umn_cbplab_405_9,4,2,12,10,10000,0,0
6,umn_cbplab_407_11,3,3.366,5.643,2.2769999999999997,2276.9999999999995,2,1
6,umn_cbplab_409_2,4,2,12,10,10000,0,0
6,umn_cbplab_409_9,4,2,12,10,10000,0,0
6,umn_cbplab_411_6,4,2,12,10,10000,0,0
6,umn_cbplab_416_6,5,10.857,11.286,0.42900000000000027,429.0000000000003,1,0
6,umn_cbplab_416_7,4,2,12,10,10000,0,0
6,umn_cbplab_417_7,4,2,12,10,10000,0,0
6,umn_cbplab_419_9,3,2.97,9.999,7.029,7029,2,0
6,umn_cbplab_420_13,4,2,12,10,10000,0,0
6,umn_cbplab_420_5,4,2,12,10,10000,0,0
6,umn_cbplab_420_8,4,2,12,10,10000,0,0
6,umn_cbplab_421_6,4,2,12,10,10000,0,0
6,umn_cbplab_422_2,5,10.164,11.715,1.5510000000000002,1551.0000000000002,1,0
6,umn_cbplab_422_6,5,8.25,8.712,0.46199999999999974,461.9999999999998,1,0
6,umn_cbplab_423_4,4,2,12,10,10000,0,0
6,umn_cbplab_427_2,4,2,12,10,10000,0,0
6,umn_cbplab_427_4,4,2,12,10,10000,0,0
6,umn_cbplab_430_2,4,2,12,10,10000,0,0
6,umn_cbplab_430_9,4,2,12,10,10000,0,0
6,umn_cbplab_433_2,4,2,12,10,10000,0,0
6,umn_cbplab_435_2,4,2,12,10,10000,0,0
6,umn_cbplab_438_1,4,2,12,10,10000,0,0
6,umn_cbplab_439_1,5,7.656,8.25,0.5940000000000003,594.0000000000003,2,1
6,umn_cbplab_439_1,3,9.801,12,2.199,2199,2,1
6,umn_cbplab_401_1,NA,NA,NA,0,0,NA,NA
6,umn_cbplab_401_10,NA,NA,NA,0,0,NA,NA
6,umn_cbplab_401_4,NA,NA,NA,0,0,NA,NA
6,umn_cbplab_401_9,4,2,12,10,10000,0,0
6,umn_cbplab_404_10,5,5.511,6.732,1.221,1221,1,1
6,umn_cbplab_404_8,5,3.828,4.29,0.4620000000000002,462.00000000000017,1,1
6,umn_cbplab_405_4,4,2,12,10,10000,0,0
6,umn_cbplab_405_6,4,2,12,10,10000,0,0
6,umn_cbplab_407_1,5,11.088,12,0.9120000000000008,912.0000000000008,2,0
6,umn_cbplab_407_5,5,8.415,8.811,0.3960000000000008,396.0000000000008,1,1
6,umn_cbplab_407_7,3,7.887,9.537,1.6500000000000012,1650.0000000000011,2,1
6,umn_cbplab_407_7,3,11.484,12,0.516,516,2,1
6,umn_cbplab_409_8,4,2,12,10,10000,0,0
6,umn_cbplab_411_1,4,2,12,10,10000,0,0
6,umn_cbplab_411_2,4,2,12,10,10000,0,0
6,umn_cbplab_416_4,4,2,12,10,10000,0,0
6,umn_cbplab_416_5,4,2,12,10,10000,0,0
6,umn_cbplab_417_3,4,2,12,10,10000,0,0
6,umn_cbplab_419_10,4,2,12,10,10000,0,0
6,umn_cbplab_419_7,4,2,12,10,10000,0,0
6,umn_cbplab_420_4,4,2,12,10,10000,0,0
6,umn_cbplab_420_7,4,2,12,10,10000,0,0
6,umn_cbplab_421_1,4,2,12,10,10000,0,1
6,umn_cbplab_421_13,4,2,12,10,10000,0,0
6,umn_cbplab_422_5,5,5.28,5.874,0.5939999999999994,593.9999999999994,1,1
6,umn_cbplab_423_3,4,2,12,10,10000,0,0
6,umn_cbplab_427_11,4,2,12,10,10000,0,0
6,umn_cbplab_430_5,4,2,12,10,10000,0,0
6,umn_cbplab_430_6,4,2,12,10,10000,0,0
6,umn_cbplab_434_6,4,2,12,10,10000,0,0
6,umn_cbplab_435_11,4,2,12,10,10000,0,0
6,umn_cbplab_438_7,4,2,12,10,10000,0,0
6,umn_cbplab_439_2,3,7.326,8.844,1.5179999999999998,1517.9999999999998,2,1
6,umn_cbplab_440_10,5,9.801,12,2.199,2199,1,0
6,umn_cbplab_440_11,5,11.55,12,0.4499999999999993,449.9999999999993,1,0
6,umn_cbplab_440_2,5,8.943,9.339,0.3960000000000008,396.0000000000008,1,0
6,umn_cbplab_440_3,5,10.527,12,1.4730000000000008,1473.0000000000007,1,0
6,umn_cbplab_440_7,4,2,12,10,10000,0,0
6,umn_cbplab_440_9,6,10.659,12,1.3409999999999993,1340.9999999999993,1,0
7,infantcog01_7,5,9.996,10.846,0.8499999999999996,849.9999999999997,1,0
7,infantcog01_7,5,2,2.21,0.20999999999999996,209.99999999999997,1,0
7,infantocog01_7,3,9.486,9.724,0.23799999999999955,237.99999999999955,NA,NA
7,infantcog02_4,5,11.418,11.715,0.2970000000000006,297.00000000000057,1,0
7,infantcog02_4,4,10.89,11.781,0.891,891,1,0
7,infantcog03_1,4,6.963,8.283,1.3199999999999994,1319.9999999999993,0,0
7,infantcog03_1,3,7.788,12,4.212,4212,0,0
7,infantcog05_1,4,2,12,10,10000,0,0
7,infantcog06_5,4,2,12,10,10000,0,0
7,infantcog17_3,5,2,12,10,10000,1,1
7,infantcog17_4,4,2,12,10,10000,0,1
7,infantcog17_11,4,2,12,10,10000,0,0
7,infantcog22_2,5,8.085,9.57,1.4849999999999994,1484.9999999999995,1,0
7,infantcog29_4,3,3.564,8.192,4.628,4628,2,0
7,infantcog29_4,3,8.419,10.032,1.6129999999999995,1612.9999999999995,2,0
7,infantcog29_4,4,10.593,10.956,0.36299999999999955,362.99999999999955,2,0
7,infantcog29_5,4,2,12,10,10000,0,0
7,infantcog30_10,5,3.102,3.498,0.39600000000000035,396.00000000000034,1,0
7,infantcog30_11,5,2,12,10,10000,1,0
7,infantcog37_4,4,9.504,12,2.4960000000000004,2496.0000000000005,0,0
7,infantcog37_8,4,2,12,10,10000,0,0
7,infantcog37_9,4,2,12,10,10000,0,0
7,infantcog43_4,4,2,12,10,10000,0,1
7,infantcog43_12,4,2,12,10,10000,0,0
7,infantcog45_2,4,2,12,10,10000,0,0
7,infantcog45_5,4,2,12,10,10000,0,0
7,infantcog55_5,4,11.979,12,0.021000000000000796,21.000000000000796,0,0
7,infantcog55_8,3,3.465,5.379,1.9139999999999997,1913.9999999999998,2,0
7,infantcog58_3,5,2.013,2.409,0.3959999999999999,395.9999999999999,1,0
7,infantcog58_4,5,5.478,6.743,1.2650000000000006,1265.0000000000005,1,0
7,infantcog58_12,6,10.197,12,1.8030000000000008,1803.000000000001,1,0
7,infantcog16_1,4,2,12,10,10000,0,0
7,infantcog16_1,3,2,3.993,1.9929999999999999,1992.9999999999998,0,0
7,infantcog21_2,4,5.478,6.006,0.5280000000000005,528.0000000000005,0,0
7,infantcog21_5,4,2,12,10,10000,0,0
7,infantcog24_2,5,3.003,3.531,0.528,528,1,0
7,infantcog24_2,5,4.026,5.247,1.221,1221,1,0
7,infantcog24_3,3,3.003,4.95,1.947,1947,2,0
7,infantcog24_3,3,6.204,6.732,0.5280000000000005,528.0000000000005,2,0
7,infantcog24_3,3,7.326,9.999,2.673000000000001,2673.000000000001,2,0
7,infantcog24_10,4,2,12,10,10000,0,0
7,infantcog48_2,4,8.844,9.933,1.0890000000000004,1089.0000000000005,0,0
7,infantcog48_2,4,10.23,11.319,1.0890000000000004,1089.0000000000005,0,0
7,infantcog48_4,4,2,12,10,10000,0,0
7,infantcog53_1,4,2,12,10,10000,0,0
7,infantcog53_4,4,7.326,8.811,1.4850000000000003,1485.0000000000002,0,0
7,infantcog53_6,4,2,12,10,10000,0,0
7,infantcog53_8,4,3.894,4.884,0.9900000000000002,990.0000000000002,0,0
7,princetonbabylab01_10,4,2,12,10,10000,0,0
7,princetonbabylab04_11,3,2,12,10,10000,2,0
7,princetonbabylab05_8,4,2,12,10,10000,0,0
7,princetonbabylab06_10,4,2,12,10,10000,0,0
7,princetonbabylab06_14,4,2,12,10,10000,0,0
7,princetonbabylab07_5,3,5.676,7.029,1.3529999999999998,1352.9999999999998,2,0
7,princetonbabylab07_5,3,8.976,10.032,1.0559999999999992,1055.999999999999,2,0
7,princetonbabylab08_10,4,2,12,10,10000,0,0
7,princetonbabylab09_1,4,2,12,10,10000,0,0
7,princetonbabylab09_3,4,2,12,10,10000,0,0
7,princetonbabylab11_1,4,2,12,10,10000,0,0
7,princetonbabylab11_9,4,2,12,10,10000,0,0
7,princetonbabylab11_10,4,2,12,10,10000,0,0
7,princetonbabylab11_11,4,2,12,10,10000,0,1
7,princetonbabylab12_3,4,2,12,10,10000,0,0
7,princetonbabylab12_6,5,2,12,10,10000,2,0
7,princetonbabylab13_12,4,2,12,10,10000,0,0
7,princetonbabylab13_14,4,6.006,8.481,2.4749999999999996,2474.9999999999995,0,0
7,princetonbabylab14_5,4,2,12,10,10000,0,0
7,princetonbabylab15_6,5,6.699,11.418,4.718999999999999,4718.999999999999,1,0
7,princetonbabylab15_9,4,5.313,6.039,0.726,726,0,0
7,princetonbabylab15_10,4,2,12,10,10000,0,0
7,princetonbabylab16_2,4,2,12,10,10000,0,0
7,princetonbabylab16_8,4,2,12,10,10000,0,0
7,princetonbabylab17_1,4,2,12,10,10000,0,0
7,princetonbabylab17_3,4,2,12,10,10000,0,2
7,princetonbabylab17_4,4,2,12,10,10000,0,0
7,princetonbabylab17_10,4,2,12,10,10000,0,0
7,princetonbabylab17_12,4,2,12,10,10000,0,1
7,princetonbabylab18_4,4,2.937,3.399,0.4620000000000002,462.00000000000017,0,0
7,princetonbabylab18_4,4,8.415,9.009,0.5940000000000012,594.0000000000011,0,0
7,princetonbabylab18_5,4,11.583,12,0.4169999999999998,416.99999999999983,0,1
7,princetonbabylab11_9,4,2,12,10,10000,0,0
7,princetonbabylab11_10,4,2,12,10,10000,0,0
7,princetonbabylab11_11,4,2,12,10,10000,0,1
7,umn_cbplab_407_3,4,2,12,10,10000,0,0
7,umn_cbplab_409_1,4,2,12,10,10000,0,0
7,umn_cbplab_409_4,4,2,12,10,10000,0,0
7,umn_cbplab_409_7,4,2,12,10,10000,0,0
7,umn_cbplab_411_7,4,2,12,10,10000,0,0
7,umn_cbplab_417_2,4,2,12,10,10000,0,0
7,umn_cbplab_417_4,4,2,12,10,10000,0,0
7,umn_cbplab_420_14,4,2,12,10,10000,0,0
7,umn_cbplab_420_2,4,2,12,10,10000,0,0
7,umn_cbplab_420_9,4,2,12,10,10000,0,0
7,umn_cbplab_421_7,4,2,12,10,10000,0,0
7,umn_cbplab_427_3,4,2,12,10,10000,0,0
7,umn_cbplab_430_3,4,2,12,10,10000,0,0
7,umn_cbplab_430_7,4,2,12,10,10000,0,0
7,umn_cbplab_432_4,4,2,12,10,10000,0,0
7,umn_cbplab_432_5,4,2,12,10,10000,0,0
7,umn_cbplab_433_3,4,2,12,10,10000,0,0
7,umn_cbplab_433_5,4,2,12,10,10000,0,0
7,umn_cbplab_434_5,4,2,12,10,10000,0,0
7,umn_cbplab_435_8,4,2,12,10,10000,0,0
7,umn_cbplab_435_9,4,2,12,10,10000,0,0
7,umn_cbplab_436_2,6,10.23,12,1.7699999999999996,1769.9999999999995,1,0
7,umn_cbplab_437_2,5,11.649,12,0.35100000000000087,351.00000000000085,1,0
7,umn_cbplab_437_5,4,2,12,10,10000,0,0
7,umn_cbplab_438_2,5,5.016,6.072,1.056,1056,1,0
7,umn_cbplab_438_3,5,4.092,6.039,1.947,1947,1,0
7,umn_cbplab_439_7,4,2,12,10,10000,0,0
7,umn_cbplab_440_6,4,2,12,10,10000,0,0
7,bllumanitoba_5390_1,5,7.986,8.8316,0.8456000000000001,845.6000000000001,1,0
7,bllumanitoba_5390_11,4,2,12,10,10000,0,0
7,bllumanitoba_5390_13,4,2,12,10,10000,0,0
7,bllumanitoba_5390_2,4,2,12,10,10000,0,0
7,bllumanitoba_5390_3,4,2,12,10,10000,0,0
7,bllumanitoba_5390_6,4,2,12,10,10000,0,0
7,bllumanitoba_5390_8,4,2,12,10,10000,0,0
7,bllumanitoba_5390_9,5,11.253,12,0.7469999999999999,746.9999999999999,1,0
7,bllumanitoba_5402_1,5,2,4.455,2.455,2455,1,0
7,bllumanitoba_5402_3,4,2,12,10,10000,0,0
7,bllumanitoba_5402_4,4,2,12,3,3000,0,0
7,bllumanitoba_5402_6,4,2,12,10,10000,0,0
7,bllumanitoba_5404_4,4,6.996,9.996,3,3000,0,1
NA,bllumanitoba_5402_4,4,9.339,10.065,0.7259999999999991,725.9999999999991,0,0
7,bllumanitoba_5404_7,4,2,12,10,10000,0,0
7,bllumanitoba_5404_8,4,2,12,10,10000,0,0
7,bllumanitoba_5411_1,4,2,12,10,10000,0,0
7,bllumanitoba_5411_2,3,9.952,11.056,1.1039999999999992,1103.999999999999,2,1
7,bllumanitoba_5411_3,5,3.333,3.927,0.5939999999999999,593.9999999999999,1,0
7,bllumanitoba_5411_3,5,5.94,8.283,2.342999999999999,2342.999999999999,1,0
7,bllumanitoba_5411_6,5,5.907,7.887,1.9799999999999995,1979.9999999999995,1,0
7,bllumanitoba_5411_6,5,10.296,11.022,0.7260000000000009,726.0000000000009,1,0
7,bllumanitoba_5411_7,5,2,12,10,10000,1,0
7,bllumanitoba_5411_9,3,6.27,7.062,0.7920000000000007,792.0000000000007,2,0
7,bllumanitoba_5414_10,4,2,12,10,10000,0,1
7,bllumanitoba_5414_12,5,2,7.392,5.392,5392,1,0
7,bllumanitoba_5414_12,5,7.887,8.448,0.5610000000000008,561.0000000000008,1,0
7,bllumanitoba_5414_12,5,10.395,11.286,0.891,891,1,0
7,bllumanitoba_5414_14,4,2,12,10,10000,0,0
7,bllumanitoba_5414_3,5,7.491,8.25,0.7590000000000003,759.0000000000003,1,0
7,bllumanitoba_5414_4,4,2,12,10,10000,0,0
7,bllumanitoba_5414_5,4,2,12,10,10000,0,0
7,bllumanitoba_5415_11,5,5.973,11.68,5.707,5707,1,0
7,bllumanitoba_5415_3,5,7.557,8.316,0.7590000000000003,759.0000000000003,1,0
7,bllumanitoba_5415_4,4,2,12,10,10000,0,0
7,bllumanitoba_5415_5,4,2,12,10,10000,0,0
7,bllumanitoba_5415_8,5,2,2.706,0.706,706,1,0
7,bllumanitoba_5416_11,4,2,12,10,10000,0,0
7,bllumanitoba_5416_6,4,2,12,10,10000,0,0
7,bllumanitoba_5416_9,4,2,12,10,10000,0,0
7,bllumanitoba_5421_4,4,2,12,10,10000,0,0
7,bllumanitoba_5421_6,4,2,12,10,10000,0,0
7,bllumanitoba_5423_3,4,2,12,10,10000,0,0
7,bllumanitoba_5423_4,4,2,12,10,10000,0,0
7,bllumanitoba_5423_6,5,11.385,12,0.6150000000000002,615.0000000000002,1,0
7,bllumanitoba_5427_10,4,2,12,10,10000,0,0
7,bllumanitoba_5427_7,3,2,12,10,10000,2,0
7,bllumanitoba_5427_8,4,2,12,10,10000,0,0
7,bllumanitoba_5428_2,4,2,12,10,10000,0,0
7,bllumanitoba_5428_4,4,2,12,10,10000,0,0
7,bllumanitoba_5428_5,4,2,12,10,10000,0,0
7,bllumanitoba_5428_8,4,2,12,10,10000,0,0
7,bllumanitoba_5434_1,4,2,12,10,10000,0,0
7,bllumanitoba_5434_11,4,2,12,10,10000,0,0
7,bllumanitoba_5434_13,4,2,12,10,10000,0,0
7,bllumanitoba_5434_6,4,2,12,10,10000,0,0
7,bllumanitoba_5434_7,4,2,12,10,10000,0,0
7,bllumanitoba_5436_10,4,2,12,10,10000,0,0
7,bllumanitoba_5436_12,4,2,12,10,10000,0,0
7,bllumanitoba_5436_2,4,2,12,10,10000,0,0
7,bllumanitoba_5436_8,4,2,12,10,10000,0,0
7,bllumanitoba_5437_13,4,2,12,10,10000,0,0
7,bllumanitoba_5437_3,4,2,12,10,10000,0,0
7,bllumanitoba_5437_4,4,2,12,10,10000,0,0
7,bllumanitoba_5437_8,4,2,12,10,10000,0,0
7,bllumanitoba_5437_9,4,2,12,10,10000,0,0
7,bllumanitoba_5438_1,4,2,12,10,10000,0,0
7,bllumanitoba_5438_6,4,2,12,10,10000,0,0
7,bllumanitoba_5442_10,4,2,12,10,10000,0,0
7,bllumanitoba_5443_2,6,6.699,8.217,1.5180000000000007,1518.0000000000007,1,0
7,bllumanitoba_5443_6,4,2,12,10,10000,0,0
7,bllumanitoba_5450_12,4,2,12,10,10000,0,0
7,bllumanitoba_5450_13,6,9.801,12,2.199,2199,1,0
7,bllumanitoba_5450_4,4,2,12,10,10000,0,0
7,bllumanitoba_5450_8,6,8.58,9.834,1.2539999999999996,1253.9999999999995,1,0
7,bllumanitoba_5453_3,4,2,12,10,10000,0,0
7,bllumanitoba_5463_4,5,6.798,8.217,1.4190000000000005,1419.0000000000005,1,0
7,bllumanitoba_5463_6,4,2,12,10,10000,0,0
7,bllumanitoba_5463_8,4,2,12,10,10000,0,0
7,bllumanitoba_5463_9,4,2,12,10,10000,0,0
8,infantcog02_3,3,5.406,8.228,2.822,2822,2,1
8,infantcog02_3,3,8.67,9.18,0.5099999999999998,509.9999999999998,2,1
8,infantcog02_3,3,11.526,12,0.4740000000000002,474.0000000000002,2,1
8,infantcog02_6,3,2.006,11.39,9.384,9384,2,1
8,infantcog06_3,4,2.006,12,9.994,9994,0,0
8,infantcog17_2,2,3.09,12,8.91,8910,2,1
8,infantcog17_12,5,7.582,9.996,2.4140000000000006,2414.0000000000005,1,1
8,infantcog17_12,3,8.5,11.458,2.958,2958,1,1
8,infantcog17_13,5,3.333,4.257,0.9239999999999995,923.9999999999995,2,1
8,infantcog17_13,3,7.029,9.636,2.6069999999999993,2606.999999999999,2,1
8,infantcog22_7,3,4.29,6.996,2.7060000000000004,2706.0000000000005,2,1
8,infantcog30_5,4,2,12,10,10000,0,0
8,infantcog37_1,4,2,12,10,10000,0,0
8,infantcog43_5,4,2,12,10,10000,0,0
8,infantcog51_3,4,2.2,12,9.8,9800,0,0
8,infantcog55_10,3,3.366,6.93,3.5639999999999996,3563.9999999999995,2,0
8,infantcog58_1,4,2,12,10,10000,0,0
8,infantcog58_7,5,2.013,2.442,0.42900000000000027,429.0000000000003,1,0
8,infantcog58_7,5,6.732,7.953,1.221,1221,1,0
8,infantcog58_7,5,11.418,12,0.5820000000000007,582.0000000000007,1,0
8,infantcog16_6,3,4.752,5.775,1.0230000000000006,1023.0000000000006,2,0
8,infantcog16_6,3,6.6,10.626,4.026,4026,2,0
8,infantcog24_5,5,10.296,10.923,0.6270000000000007,627.0000000000007,1,1
8,infantcog48_5,4,2,12,10,10000,0,1
8,infantcog48_6,3,8.745,9.537,0.7920000000000016,792.0000000000016,2,0
8,infantcog53_9,3,7.293,9.9,2.607,2607,1,1
8,infantcog56_2,3,3.762,8.547,4.785,4785,2,0
8,infantcog56_2,3,9.999,10.56,0.5609999999999999,561,2,0
8,princentonbabylab01_2,4,2,12,10,10000,0,0
8,princentonbabylab01_8,4,2,10.758,8.758,8758,0,0
8,princentonbabylab01_8,5,10.758,11.253,0.495000000000001,495.000000000001,0,0
8,princentonbabylab01_9,3,6.996,8.25,1.2539999999999996,1253.9999999999995,1,0
8,princentonbabylab01_9,5,10.428,10.758,0.3299999999999983,329.9999999999983,1,0
8,princentonbabylab03_3,5,6.138,7.128,0.9900000000000002,990.0000000000002,1,1
8,princentonbabylab04_10,2,6.666,9.471,2.8049999999999997,2804.9999999999995,2,0
8,princentonbabylab04_10,2,10.098,10.989,0.891,891,2,0
8,princentonbabylab05_6,5,3.168,5.445,2.277,2277,1,1
8,princentonbabylab05_6,5,10.791,11.088,0.2969999999999988,296.9999999999988,1,1
8,princentonbabylab06_1,3,4.653,7.128,2.4750000000000005,2475.0000000000005,1,1
8,princentonbabylab06_2,3,2.211,3.96,1.749,1749,1,1
8,princentonbabylab07_2,4,2,12,10,10000,0,1
8,princentonbabylab07_3,4,2,11.187,9.187,9187,0,1
8,princentonbabylab07_3,3,11.187,12,0.8130000000000006,813.0000000000006,0,1
8,princentonbabylab07_4,4,2,12,10,10000,0,1
8,princentonbabylab08_13,4,2,12,10,10000,0,0
8,princentonbabylab09_2,4,2,12,10,10000,0,0
8,princentonbabylab09_10,4,2,12,10,10000,0,1
8,princentonbabylab09_11,3,10.362,10.923,0.5609999999999999,561,2,0
8,princentonbabylab11_3,4,2,12,10,10000,0,1
8,princentonbabylab11_5,4,2,12,10,10000,0,1
8,princentonbabylab13_4,3,2.211,3.003,0.7920000000000003,792.0000000000002,1,0
8,princentonbabylab13_8,4,2,12,10,10000,0,1
8,princentonbabylab14_2,4,2,12,10,10000,0,0
8,princentonbabylab14_4,3,2.541,5.082,2.541,2541,2,1
8,princentonbabylab14_4,3,9.174,9.966,0.7919999999999998,791.9999999999998,2,1
8,princentonbabylab14_4,3,11.154,11.88,0.7260000000000009,726.0000000000009,2,1
8,princentonbabylab15_1,3,2.409,5.412,3.003,3003,2,0
8,princentonbabylab15_1,3,8.679,9.768,1.0890000000000004,1089.0000000000005,2,0
8,princentonbabylab15_1,3,10.461,10.89,0.42900000000000027,429.0000000000003,2,0
8,princentonbabylab15_4,3,5.478,6.204,0.726,726,2,0
8,princentonbabylab15_4,3,9.636,10.296,0.6600000000000001,660.0000000000001,2,0
8,princentonbabylab15_8,5,2.904,4.389,1.4850000000000003,1485.0000000000002,1,1
8,princentonbabylab17_8,3,6.897,10.923,4.026,4026,1,1
8,princentonbabylab17_11,3,2.409,2.805,0.39600000000000035,396.00000000000034,1,1
8,princentonbabylab17_11,4,2.805,12,9.195,9195,1,1
8,princentonbabylab16_7,NA,NA,NA,0,0,NA,NA
8,princentonbabylab16_10,NA,NA,NA,0,0,NA,NA
8,umn_cbplab_401_6,NA,NA,NA,0,0,NA,NA
8,umn_cbplab_401_8,NA,NA,NA,0,0,NA,NA
8,umn_cbplab_403_1,4,2,12,10,10000,2,0
8,umn_cbplab_403_4,NA,NA,NA,0,0,NA,NA
8,umn_cbplab_404_1,6,2.739,4.125,1.3860000000000001,1386.0000000000002,1,1
8,umn_cbplab_404_3,6,2.046,4.092,2.046,2045.9999999999998,1,1
8,umn_cbplab_404_3,3,4.719,6.666,1.947,1947,1,1
8,umn_cbplab_404_4,4,2,12,10,10000,0,1
8,umn_cbplab_404_7,4,2,12,10,10000,0,0
8,umn_cbplab_405_1,4,2,12,10,10000,0,0
8,umn_cbplab_407_10,NA,NA,NA,0,0,2,0
8,umn_cbplab_407_2,4,2,12,10,10000,0,0
8,umn_cbplab_411_5,4,2,12,10,10000,0,0
8,umn_cbplab_419_2,4,2,12,10,10000,0,0
8,umn_cbplab_420_10,4,2,12,10,10000,0,0
8,umn_cbplab_420_6,4,2,12,10,10000,0,0
8,umn_cbplab_421_11,4,2,12,10,10000,0,0
8,umn_cbplab_421_14,4,2,12,10,10000,0,0
8,umn_cbplab_421_8,4,2,12,10,10000,0,1
8,umn_cbplab_423_7,4,2,12,10,10000,0,0
8,umn_cbplab_427_1,4,2,12,10,10000,0,0
8,umn_cbplab_427_10,4,2,12,10,10000,0,0
8,umn_cbplab_430_1,NA,NA,NA,0,0,2,0
8,umn_cbplab_432_7,4,2,12,10,10000,0,0
8,umn_cbplab_433_1,4,2,12,10,10000,0,0
8,umn_cbplab_433_6,5,3.861,4.653,0.7919999999999994,791.9999999999993,1,0
8,umn_cbplab_434_12,NA,NA,NA,0,0,1,0
8,umn_cbplab_434_2,4,2,12,10,10000,0,0
8,umn_cbplab_435_7,4,2,12,10,10000,0,1
8,umn_cbplab_436_1,5,4.125,7.227,3.1020000000000003,3102.0000000000005,1,0
8,umn_cbplab_436_6,5,2,2.97,0.9700000000000002,970.0000000000002,1,1
8,umn_cbplab_437_3,4,2,12,10,10000,0,0
8,umn_cbplab_439_4,3,2,3.003,1.0030000000000001,1003.0000000000001,2,0
8,umn_cbplab_439_5,NA,NA,NA,0,0,2,0
8,umn_cbplab_439_6,3,10.791,12,1.2089999999999996,1208.9999999999995,2,0
8,umn_cbplab_440_5,4,2,10.362,8.362,8362,0,0
